,GOOGL,VRT,SLV,AVGO,ASML,TSM,NVDA
2024-07-18,176.02110880122643,96.66598161890295,24.156790396702867,163.63674492813905,866.30491540677,173.77372555989558,116.795434675237
2024-07-19,172.787651390017,96.1343478752783,25.113957297621937,165.28305100902259,885.7395713328805,171.89459297568192,113.52358382519655
2024-07-22,175.18216366091556,91.21251572259831,24.28957416621038,158.88855046713465,905.326372992579,172.27758371118014,113.7294083112913
2024-07-23,178.2093403356464,90.0948454444291,24.289088904620513,164.9982367735207,938.5602524858582,169.8549531731439,113.93957188625664
2024-07-24,172.01324511381446,91.19024633787905,24.48848807452096,163.10402967125532,901.3534116399122,172.63274841495485,110.87122461499082
2024-07-25,168.0415915410746,88.45157316084882,23.99944779988021,167.46108327473246,882.0893306950686,166.60476125172207,118.6397224017004
2024-07-26,168.4870911847207,90.05924175075567,24.16182134192862,167.02074311805887,899.8681792290319,169.93680894716215,117.60308195675181
2024-07-29,167.58697136576703,92.39492929540519,23.577230547799722,169.6495634529981,842.9670418531219,170.15515841985822,118.13529169170096
2024-07-30,167.59494501391654,92.76933898858661,23.93895857256918,172.57182989024903,853.2581084032672,169.42283459131232,116.5390141012201
2024-07-31,165.08021794222074,84.85742833395935,24.499665595554013,170.69752578105278,875.3022929000929,163.37009195155667,118.39769538197429
2024-08-01,167.75107778676997,81.86310888211437,24.650126245072514,175.43398284187816,863.5443519992107,159.91720775055384,123.58037862815736
2024-08-02,170.1583485023125,86.22750107341136,23.649046362954472,172.18413469398175,854.974054262814,164.2014429040991,130.84421447168768
2024-08-05,170.4201460643428,84.95107035616768,23.149591334188806,175.61031581770106,833.2754143820038,163.51685786787942,127.42534691719493
2024-08-06,173.9376761160076,80.2740033560929,23.44066550041662,173.97623858626093,823.1785071322223,164.58703748042868,132.40485311087286
2024-08-07,175.46226909661738,83.09057144162603,23.455113627097678,175.57489732039812,813.7764552365495,161.47145353047353,135.02499006605194
2024-08-08,172.80975959440914,83.16318899187937,22.06849286892887,173.62604667541504,800.7656421748738,161.43605866540761,139.70479167098554
2024-08-09,174.01727022852305,85.77770107819849,22.67520579906027,173.9211066693454,786.908972277696,156.63053580220765,139.33237019363958
2024-08-12,171.074657885117,86.48578252544905,22.746778796798026,169.3265732191264,782.1055895443943,157.04050206938192,138.49687379799707
2024-08-13,173.83958454115074,87.63947309713787,22.34030198921599,170.45071957442033,777.1044125554411,158.3869829973358,143.10882144052957
2024-08-14,173.74420460251375,88.57408313126092,22.832660421855376,170.71571860486122,812.3687623786939,159.57069191574834,147.9694034706156
2024-08-15,173.2268773164526,90.3481930290754,22.495744418106355,168.48722312472214,805.0083411589565,156.46562716102338,156.15954246679559
2024-08-16,171.1643113478204,96.15469544733025,22.15839943637104,168.33125464384574,811.9793955669265,155.35391984596774,157.33060855474906
2024-08-19,174.990816890703,98.81704371337827,22.336414662252032,168.97093224846634,801.0621773467785,157.2551832508272,156.82840736943285
2024-08-20,174.56532135119824,94.49384737053661,23.214969422662566,166.44330852077508,790.0473331949167,156.58973795637797,143.41254081754894
2024-08-21,173.28053790311907,95.72288371565149,24.047665255292657,165.98243292598772,758.0465505735153,155.66574600656958,135.40379384644493
2024-08-22,172.2428640526231,98.83018842071563,24.24157728279171,161.8845260812247,729.7617188615644,162.24982913640517,133.6098552255446
2024-08-23,173.95350531130364,102.20777163998999,24.49181058842057,171.4508211510931,708.9139162077685,158.92342197961707,128.53440929196765
2024-08-26,175.1586540060067,101.03800987451835,24.921959682371124,176.06764312033957,712.322887594845,162.7676534194594,132.26763591308566
2024-08-27,176.5212459317165,104.38423159342877,24.2365150537865,177.34894944795883,731.0058117663426,158.7012332688501,126.27581496737561
2024-08-28,177.95191145183364,107.14799067905179,24.583612570190187,182.6255813832695,699.9527224229519,161.0540082351499,124.12967522428897
2024-08-29,184.87417973700218,114.91948675641899,24.190284201819996,173.6712095384257,691.0088362657597,163.63076869302117,122.1906545968219
2024-08-30,183.58644412974581,112.56363169110632,24.36340239330309,162.6444782406791,668.6164343993701,161.86224187787764,127.41015156620516
2024-09-02,181.95796460428315,111.02069766210168,24.24513542611944,161.09410609577537,664.6430807721778,157.59482629701532,124.76787445753047
2024-09-03,179.35634616481042,110.12461260175762,24.51611319932018,155.61463448328672,682.0690040164446,150.8293543974281,126.8121242306508
2024-09-04,181.40775761979341,108.66808022592753,24.583490250481347,154.7641790137104,675.0265203881977,148.85160491076343,127.75049774044152
2024-09-05,185.15772831163306,106.01434257137505,22.92516996057119,155.62952992277624,674.5267258026728,150.6373493710228,131.85960489086725
2024-09-06,184.84276497322938,97.86661937344356,23.018833439763604,159.2806551040129,698.3547071853199,147.12933397551126,135.8559434031094
2024-09-09,182.11211670915543,96.72436078090273,23.347481725519813,154.8197455713932,706.3087035540677,147.5049358588869,135.77165783913216
2024-09-10,179.4731916012272,97.77304878355811,23.580032534980557,156.43618248574595,693.706599197154,142.7757129138459,127.7855271153402
2024-09-11,181.6377585714331,96.47166880822044,23.53035198097774,156.56285548446144,696.6298558167739,142.10102053913468,126.81934955785705
2024-09-12,184.1313861776458,101.74776931416686,24.3839756714325,157.9934850161934,683.0726193952329,138.5747885611848,126.80052353502874
2024-09-13,185.99604363277209,101.83675005380881,24.554668593498505,156.01156753662002,690.2391224393467,138.39525507801832,128.13957804045987
2024-09-16,183.83306314205532,105.56894611857548,24.794784096233748,161.47639977413328,699.0522085452409,136.92774662291586,124.90220463022636
2024-09-17,184.66562540307945,106.39447116067677,25.368258235919686,161.1312090566837,676.3946452350391,133.39938491729018,129.95843811617442
2024-09-18,185.11811981454204,108.90957311984062,25.574427237373555,168.35062126976015,679.5084861659918,131.52175969180402,130.09186379876766
2024-09-19,185.91160914980154,109.81556610261484,25.073005028222816,165.09981852703223,677.8628809231524,128.87403583516928,125.97219177790242
2024-09-20,188.89283528762422,114.07926194396752,23.731764161780646,168.2401299209589,686.9952242264211,125.20288579435163,124.02113770208234
2024-09-23,189.71918852895823,114.31498412868794,23.48621967049123,168.06487215638109,700.9771772055084,128.23785484836174,132.46065121963704
2024-09-24,192.10404298975482,115.96013448514262,23.882920746560472,166.7634516649184,709.2899186945622,127.27557760367334,135.61364207025466
2024-09-25,192.4049592292667,117.20755500745229,23.700977807291096,169.47467243609378,704.4123869268211,121.16266399329096,140.66470499523163
2024-09-26,193.473605075109,116.32006024159942,24.12228459202707,168.28337785400947,720.4729333484863,119.55214832475878,135.61406224922248
2024-09-27,195.73979779698544,117.69723216827505,24.20483152921671,157.1599924073657,705.6646881351309,122.00818673772068,132.41912523703712
2024-09-30,190.67428578654392,125.1195509339844,24.894365542988417,145.19670612937807,683.5826562353449,120.01580647753201,129.33378865775452
2024-10-01,189.64386633099122,124.23481627832207,24.73641658014776,149.8808323091181,631.434267875467,124.02077778373445,130.23961416556483
2024-10-02,188.10458248623084,125.75607371562845,24.994603575913484,154.55808272421575,630.6238959704193,121.73550083461234,129.5180783562919
2024-10-03,186.00725377383773,130.24780534146436,25.27652949259668,161.92022881394732,618.4420619353521,123.13484764454076,127.3703701564625
2024-10-04,185.1511441307977,134.4713628906742,26.115337220453988,161.92213846759964,624.5931531199996,125.99478363242494,125.81741510345284
2024-10-07,190.19816872654542,134.58271320656928,25.138727528142663,156.76234864498156,595.2938271757429,127.29558746849857,122.38999376765716
2024-10-08,187.30050721823602,125.66864285161572,24.88897472163785,155.18851798618536,586.2856711922689,123.49977721981082,121.68693974212286
2024-10-09,190.63052488074402,127.54961074840193,25.35731937760027,155.30267665946997,593.1372856383766,120.99096462194046,126.49510047742994
2024-10-10,184.92273130280924,119.686779376679,26.22351837228092,151.46266957071978,578.7145193566868,124.15627721874814,119.86550778182016
2024-10-11,183.87275287925215,124.67272025196978,26.36595333393025,157.77326598523743,584.6302329060367,122.01067646861387,121.38501647480271
2024-10-14,184.47577371692694,125.32666213102803,26.20012489145509,166.6776060425492,577.0484310114738,124.68086588519712,127.31506834152898
2024-10-15,186.48692896438544,128.8973280897241,26.640460018160283,168.7455780206198,576.8248827754938,123.5529698716216,126.56880490005618
2024-10-16,188.9396196814644,125.70594472392649,27.15359414268093,168.7756833003277,585.2948594634273,123.98931213745225,124.2955454995263
2024-10-17,191.70385359644516,120.30433397486854,26.942812822275773,163.38765894172826,598.9129902010075,120.26041291636598,128.38463303454336
2024-10-18,190.56761502168087,121.24284285227962,27.142641222087345,169.77788873827888,600.482033156326,118.70161107642251,124.0326808256892
2024-10-21,189.0483466752149,121.1893873291886,27.851650432874557,170.1781690192687,588.9910606044934,116.46565964711392,124.00239160498151
2024-10-22,192.03409418965097,119.58203513891362,29.014181047283493,169.02451249865044,582.7519179403097,117.09261669077087,119.55758248331864
2024-10-23,191.4400409732397,119.92529726741282,29.49254681858558,171.1338289234047,591.8935057350368,117.38187605630094,111.79787286953103
2024-10-24,187.11113103142168,129.27805593261988,29.52560960708984,168.70496273140773,577.6229024068031,118.62592412537302,111.26465858662985
2024-10-25,183.35970818416118,132.36349849150557,29.494913192714044,169.400344229829,575.3854233028134,117.39559593836516,106.4058614357473
2024-10-28,180.38925503071636,136.31930884050405,29.861025417196508,163.3677148578981,570.2868074253776,115.04239398991216,106.42092127369038
2024-10-29,182.06667548248384,139.6087255202479,29.789514157843207,167.88110407857081,569.1002214742974,115.55318680734523,110.63263957598271
2024-10-30,182.59715646375398,145.46181296505048,29.918267148238492,167.5184345538099,555.5426717006641,112.98432901123759,117.87342848086466
2024-10-31,184.9305173887039,144.7603951077966,29.22645874508639,172.44683050268455,531.0728700508913,115.71236903126841,118.32412047419025
2024-11-01,183.57302611682118,136.50422966031445,30.06482726405001,171.65729916720548,537.9225538136836,115.46943177975605,122.61012233166694
2024-11-04,184.16114167127247,135.85168324044773,29.315188936981286,171.15005309790027,550.58479573605,114.68943895348022,124.38964797568629
2024-11-05,186.29936801194634,139.00732763345127,29.040902581531256,166.03986581620234,527.1231668648071,115.90375510100702,122.79012441731152
2024-11-06,185.3272136235124,135.30216918190928,29.107611037300742,169.26833240214106,532.0012847624339,115.75771416885746,114.58563550662745
2024-11-07,186.9158300247978,134.70166478771122,30.386940355920025,165.63820394000558,546.0441981322673,111.58382232108735,121.17170059924364
2024-11-08,184.75421070489693,132.1599046112041,30.10892945866967,163.6984879254547,554.07206628402,109.02504260986748,116.7890926613578
2024-11-11,183.61151159506457,137.78420975762083,29.672279288548847,163.77643781447836,548.7529277459421,111.60780133093232,122.50556626592655
2024-11-12,182.41412913262016,140.7444754557224,29.317162275466437,164.34647883603515,536.546515431799,111.86064385532958,124.87461161832528
2024-11-13,178.5514892222336,143.3824684943879,30.391511313953554,157.4106591345683,537.80389818921,107.76939767045596,120.67752004248541
2024-11-14,180.1790761532426,145.94970818808497,28.515697580268814,156.57321134571404,541.2172542419471,108.64949273501018,122.0616842781658
2024-11-15,178.71976218986208,145.8704605510532,27.890911908959133,159.7564630181246,542.6782054186091,107.35833540605745,131.24095328397942
2024-11-18,178.82250713332866,146.7502893070059,29.57101446701776,158.31730477096357,540.5491533934339,105.33795900421957,138.3670536101804
2024-11-19,180.43252482197275,141.95373140955041,29.95985573074531,157.4990744175229,526.7199377053233,102.72903270976826,135.96016466729816
2024-11-20,181.94591366071097,133.33424754821974,29.235376419608194,158.20941906819917,532.2739460916126,105.03205822557065,132.64690701856938
2024-11-21,184.18874855908138,133.96122140039455,29.212800990343283,157.78241013530885,538.5018215846843,100.53448422210933,133.1850928347228
2024-11-22,183.9266960945026,135.24346166375196,29.260534720409304,153.78848172865688,541.3126562423331,98.72428989277117,132.4868059882425
2024-11-25,182.58966495819575,139.89034693101664,29.80960149760135,153.7179461660484,542.971155660979,99.0266615470836,138.1229018302332
2024-11-26,182.39156835536272,146.1151040532752,31.020439014305953,157.60729139262511,565.071160963354,102.5068533042333,141.77426634520418
2024-11-27,176.91580507679407,152.61137538127676,31.290259042284717,153.5363898281057,556.8295467554246,103.79893992208291,133.45517128795066
2024-11-28,172.36941838285372,148.4230079783722,30.9233700328971,152.16806626933686,574.1772607624456,101.91057339556376,135.67101209939403
2024-11-29,168.32587434750613,147.03326087176154,31.463473214305093,146.98053772764945,564.291887849061,105.38223615990515,134.89522033889315
2024-12-02,165.36326440799442,149.08428080149287,30.9848647247469,150.50579960188122,579.5361281004778,102.28476614815482,135.14461256658504
2024-12-03,166.6110850313663,159.72790420418917,30.285120358834575,150.2260160674538,596.9226878596808,102.92480239766503,136.39645785596616
2024-12-04,163.95386764916634,166.4273361833496,29.117083982717205,147.10056517921873,592.9631630464606,104.07254385675863,142.19405956649965
2024-12-05,162.89522966281638,171.72690190991386,28.118868097373735,147.50606848174093,616.8377060614205,102.09885564131743,147.13853858083706
2024-12-06,166.76172864833958,169.94814388314398,27.568531419353405,143.13398781948254,624.0280976344277,103.70865311131153,143.35840298588533
2024-12-09,165.75069373131865,165.830370091279,26.858328146308708,139.5001896937127,611.1390852122321,102.57972397698563,143.14316197459274
2024-12-10,168.0090933821238,169.57638209186703,27.047443103202742,134.47074216926302,605.8956595946095,104.19157286452463,140.97479375013975
2024-12-11,165.2444838850959,164.4350779401823,26.337803661547454,130.9449891081116,622.6100762093849,100.01858567337271,132.7539037861884
2024-12-12,164.69126583648756,163.4194910803503,24.520214483613373,135.4473282320324,636.6521454650274,100.79767784449547,132.31874076876156
2024-12-13,161.93262175320584,162.97600611352254,23.960759822258044,133.02580654848296,620.7403177265701,99.92614616529193,140.93486147706196
2024-12-16,161.0010889036701,170.32647472708442,23.71561939107628,134.63616748577675,618.9139907765037,102.49559544848124,132.56734470194496
2024-12-17,163.49266873740098,168.72003641061482,23.40328732245728,131.88184331000087,622.184673688453,102.43947131467469,132.52861345823118
2024-12-18,158.46661510791705,157.2809883694527,24.18915901415128,134.44540790067543,614.8537764631259,105.29784497829613,132.34110732556908
2024-12-19,159.76122802088491,159.58113634097438,23.866283660374318,131.05710800536193,649.892567511167,106.51798173849902,133.74666801785287
2024-12-20,160.50080122260422,156.53750726307092,24.33239972655079,131.24461117310182,653.7970764614344,106.26391652915648,129.3135847508453
2024-12-23,158.84046871218936,156.80262993703406,24.325887958037526,131.4770824884732,653.0886921791688,108.14996554102622,122.93469165176249
2024-12-24,154.76159774347053,156.500356548644,24.30689664086148,139.1875735314547,672.0154800818335,110.08469122922916,117.07059400742482
2024-12-25,155.0166961041292,155.37923308475877,23.86382162394708,141.44389209271455,666.3939866991358,111.27382827645822,122.58844503266292
2024-12-26,153.59350816110035,158.8953930785583,23.836540065528737,139.41097555855308,682.7727931358169,105.70895399493982,118.43956058309593
2024-12-27,154.29054188917357,152.15501608839682,23.4388961679176,141.8612941057518,655.7175269106244,103.46831203787761,116.43382491520006
2024-12-30,154.40523200757133,150.02843698039692,23.53008601179514,149.50823662327218,648.8405600987372,106.66241283256745,125.07462834132382
2024-12-31,158.91108858288024,152.97695508921646,23.411318092827322,143.4844148741039,665.4364028310065,103.76004230874581,121.9291330186525
2025-01-01,158.28205472412105,150.42310063199392,22.928300120028236,140.5269067877994,690.7793787422822,105.81803406438183,123.45739105615596
2025-01-02,155.42143029280535,143.72226476358347,23.432073289422515,139.75788186565964,678.2354489206348,107.50709712728853,128.12203211723096
2025-01-03,155.97736675423593,146.48454196143956,23.655626763452528,138.36348873308762,664.022537254602,105.83573245628891,132.74726393953503
2025-01-06,156.64961989489035,151.16423230296854,23.42599260174646,137.27471786101188,673.3312795123196,101.23451384905181,126.6335658003575
2025-01-07,160.53693916834445,151.0493677705413,23.504489519592724,132.86053857693582,663.5324149926569,100.00997335879948,123.54151151717781
2025-01-08,163.00631875616878,142.83172679198137,23.46467067030139,137.58358475462055,659.5207842534874,104.62406658897447,124.91686694142024
2025-01-09,164.1104712449398,145.72651923892627,23.020320187274677,132.75230760073111,673.6567684689091,102.6809779170349,133.41940981504493
2025-01-10,168.49048979681376,139.02647136653306,23.05947584211215,132.14757832693613,665.1293163591052,100.92989126881275,129.93677989791107
2025-01-13,164.9441466212888,140.29806026919698,22.747890241220205,135.6621442382183,634.0210732102847,98.75719237065213,127.76339826836322
2025-01-14,163.10245820146304,136.88194461056017,22.278406898842558,135.62081864202725,614.4767228347679,101.43798188471645,129.70988702407442
2025-01-15,160.43926141426917,132.5050759904633,21.486389900389213,132.36119204320164,614.8693329403969,100.93848648689053,132.594380415139
2025-01-16,159.3696808113778,130.93177955742397,21.32009895565016,127.95794664068848,587.6169987146799,99.59096404769247,135.8242323622577
2025-01-17,155.47622362521892,130.32526014015934,21.58923012297356,127.27977209535868,583.6612492129884,102.72971553322719,131.87548844243008
2025-01-20,157.30815597505608,128.03963775137998,21.26253097347422,124.9281842275292,564.3944067119692,104.08254979550084,129.4922761834146
2025-01-21,156.73397986111195,130.21422349585578,22.44484657924676,125.62538060126874,586.8339021424233,102.02125887450978,130.54019786620694
2025-01-22,152.63938091950416,128.65296243084742,22.885553035734507,121.28046617686594,617.5625335652269,99.31781324244446,136.37937787320703
2025-01-23,149.90249218268025,132.24821377493396,23.545692830086246,123.80017621635008,602.125489373843,101.89011870605536,135.31603565471818
2025-01-24,150.80089518214237,133.35550805151968,23.961164733137107,124.21351257888435,606.0767622704441,101.9705446118349,135.28483630958644
2025-01-27,153.12869975631548,130.81753912648725,24.941488571487866,124.85891479349064,592.3493117506858,98.5382764022187,130.50150334562528
2025-01-28,158.6859172949748,127.71110440628684,24.51339177329018,129.4133833717764,588.1889022596084,94.71414925723816,139.0836657647199
2025-01-29,167.06445825524386,121.88365994650466,23.13607688926664,128.05520447756282,613.8829132829729,92.42842673606391,139.91110274719534
2025-01-30,168.3691263900233,122.93679924249396,22.912472180503322,125.78921418814542,607.252655441707,89.94684724556991,145.2656989431659
2025-01-31,165.42911754587075,121.777695615026,23.197292738153607,124.12325042526506,603.3268282999006,85.93578512081736,145.49760143650823
2025-02-03,159.13837211082176,113.74993032406987,23.278097570129933,123.5816802978951,589.920482390189,83.89316423541193,146.01184048890394
2025-02-04,159.96092753469105,112.10055446460146,23.422663807717598,123.35625219036832,606.3843047571266,82.23209868131242,138.4249468152417
2025-02-05,157.67621524986384,109.32842514224704,24.106840287370087,120.84996851659857,559.1358094234988,81.42959658874096,128.08091212613456
2025-02-06,156.55254663149097,114.20654714596866,24.313080733832436,114.79210627404503,553.4174516164248,84.49656262409532,133.76343727776333
2025-02-07,154.88248439461165,108.81853337662811,24.744056455114613,113.23400718484083,553.0293586303255,84.03600971686069,134.2024538949288
2025-02-10,154.54418450332057,104.4812636002843,24.23629900597729,114.30357504011451,544.4762862521976,83.76149378569635,135.24587586759148
2025-02-11,157.56361378624402,107.78069309643435,23.65587209324398,114.74438193722469,555.9783979921201,84.73510539287024,129.407733194047
2025-02-12,158.06417356794873,111.9291039003994,24.499452469211775,118.23707031510143,572.2400182397504,84.32829235833917,125.3886853611081
2025-02-13,157.6681553092166,109.65028081527548,24.557512099099085,124.07055199671527,553.0763018485162,85.10608299591695,130.11967193631438
2025-02-14,154.7841260621268,107.76447109251328,24.22448664522817,126.4816577494788,581.0861209237383,85.66723227694558,138.11618053631614
2025-02-17,150.1724424577587,109.67778521224503,23.896955140797242,130.91016206358273,561.4696925885702,85.93425262322305,135.18886465090551
2025-02-18,148.9104619757617,102.58615185734,23.5592742294582,133.47853530817017,579.0589302104232,91.20049730750962,138.44041574496856
2025-02-19,148.8184225166586,97.2913293905396,23.19535180071874,139.24447185420178,581.3727713864266,93.06689437828331,139.43730754751058
2025-02-20,153.60631870000088,96.57521313358826,22.544043680227205,145.7501602861941,574.5772060282745,90.89118734858009,138.92577998565193
2025-02-21,154.02027872549527,100.81456906936948,21.803263338879248,149.28155976081476,569.1619271500415,91.66966019714793,148.00715896293485
2025-02-24,156.7986984642911,99.63499400396968,21.712995728818942,151.9849747137655,568.931811012508,90.11144008572516,145.7408648180841
2025-02-25,155.4443778087556,99.9664029268724,21.433020346603257,151.2735627908279,572.0051969752534,91.03395746831451,152.14981093857193
2025-02-26,152.18331210382564,103.18992951548422,21.958290184475658,151.18530494989636,559.6020053499496,88.3180391679713,154.264665329731
2025-02-27,149.59283228508002,109.32898451972018,22.103164096375387,149.97643733803258,556.6839276853302,86.20272075334405,154.25832099748345
2025-02-28,147.6923945976442,107.61779379383049,22.235495495839377,152.37325431714856,546.6100930797402,86.89113278269504,161.7507403662449
2025-03-03,153.4025451847686,107.620868620966,21.875310509712797,149.6977779142559,530.8889370748038,88.83477624576624,163.48223472084632
2025-03-04,151.18818554645335,113.16523169197241,21.82034605442417,149.04993754057563,520.6876508661936,89.85443741334828,163.02040336718932
2025-03-05,153.522955315032,108.39853336538347,21.99691682449221,140.34106190538714,506.5252637652465,91.58059339381418,170.98076727018477
2025-03-06,151.08152747073694,111.57160449900398,22.34680652057922,146.44972202301494,501.6202159986753,92.37221680257029,178.55080034568934
2025-03-07,153.66778853259174,108.44616756196301,22.303998526973775,145.70841336460262,507.02737981695657,92.76155776889044,186.16040624011603
2025-03-10,154.78635440436767,108.8115472395575,22.83685718081115,147.4335297177233,508.6990736791784,91.77260342247901,160.93136121691796
2025-03-11,154.40411226388812,108.12675990292975,22.84429662493136,152.87304075551714,533.0068899249044,93.4525963525252,163.49921129004562
2025-03-12,154.34486347327214,105.2803959535504,23.24618803400518,154.08950289637113,504.9436122128427,95.59895419861282,164.80297063813506
2025-03-13,152.57974806129727,102.43499806574346,22.999156638116084,159.7227982493515,510.8333670058796,95.50636228951396,164.69251739760702
2025-03-14,153.85825948726583,103.27902170107129,22.085470428822738,154.83632755734263,511.11641248217904,95.30079698171734,168.298013286362
2025-03-17,152.6520564832339,106.20957439249416,22.219173608259283,164.1860285773748,521.3265190270424,98.6773926443759,169.9253693333412
2025-03-18,149.3378423780211,105.87686082581985,22.57706071248919,168.72211994313045,530.4993450978648,98.67450345360726,174.05001193689154
2025-03-19,145.9549107020849,106.1376533684119,22.866219607697804,169.6804720978482,528.6108724664656,98.88024858994773,172.51338298911327
2025-03-20,146.45941589497966,107.88816829680484,23.08203342478808,175.80203165871148,531.0126851271463,99.97514661326608,181.65423265917505
2025-03-21,150.67358678560026,105.00697962926483,22.908481617810192,170.7449328923535,521.7424456250623,99.80201588971201,186.7065903175661
2025-03-24,151.16023972588428,107.23432365163886,22.505328593280336,169.58977990947423,529.6355320415411,98.04275714202738,190.35454408774817
2025-03-25,150.8903446491103,109.74806849331623,22.78187456432803,175.78934798193475,505.96451783421077,98.89918441686721,193.7485053006566
2025-03-26,151.7194675545958,117.80374533381816,22.999027819483118,167.66322089246268,515.6000223886741,98.85639961889022,201.70282030244633
2025-03-27,155.33919536802833,116.62206570254251,22.718674730182762,170.08787323495966,515.5195049168225,102.90451922545476,209.02646263688356
2025-03-28,156.00698070872147,115.18454824819797,23.276584771817415,172.42733055827563,509.69955318423416,104.73270734157002,208.31639517103613
2025-03-31,154.90764785364894,117.72218414531615,22.827974191720593,180.993631628554,507.0589033769039,103.40463269392477,215.65139529055497
2025-04-01,158.04657200500134,120.48099372798119,22.538343941960587,173.9124575097461,505.3244021030839,105.10660313155314,217.08371485261273
2025-04-02,159.32163104103387,118.73613492968788,23.353135607515036,180.98909043593505,521.2599537945865,105.86264001126274,231.76778651076037
2025-04-03,163.78161830336336,117.45514361296846,23.802889036975202,178.53908300343033,561.9202359561046,108.95672747499847,240.7998868668593
2025-04-04,164.37912965759753,119.29351199363151,23.61898304311952,176.62420911411883,578.5962864827083,107.74534737625073,235.65969394499825
2025-04-07,160.81367358589355,116.58884669428936,23.771853972951785,171.3078010487013,570.9774353884518,108.23783791937417,255.01321664792445
2025-04-08,156.9096216477901,115.30695796027511,23.85637312097298,166.72595104905298,579.8360154238393,108.04733280005544,236.39179601365635
2025-04-09,161.6273766052219,115.65387018414914,22.418943023142752,168.48291890574512,589.4380418471791,108.23172068490445,241.7951016160239
2025-04-10,166.69859442173572,118.93685369348378,21.97521773244167,163.87351302439322,576.5860188727208,106.16943268881046,236.03586713985396
2025-04-11,166.21827812031702,116.98286851996731,21.953931974498975,166.98008096506985,559.369631343102,107.55919658188635,251.71485888735384
2025-04-14,165.12998525675744,111.00659221424827,21.78498653414556,164.28766889650157,558.7438408785376,108.59340128207737,254.08052856655036
2025-04-15,169.53168969136482,105.10495681191706,21.90668305516812,159.37943594111687,569.7985779726538,111.70948019794685,247.16119386025463
2025-04-16,166.21279793199426,101.45113372275668,22.4543197006421,157.3481085865053,547.9847519915902,111.73175855992231,244.9917822238405
2025-04-17,163.59410094956243,97.77163338379181,22.29885076791324,158.74342122962744,538.722960951158,110.76634374349509,239.00477078851836
2025-04-18,165.5457593195853,97.39725590103238,21.783336893348775,157.71415562697757,546.3424651178038,112.7362651602748,236.5783479288079
2025-04-21,164.42784665083374,94.20373192142598,21.94228416247238,157.92001249517864,547.1080912653199,110.81383040502169,233.9871841695429
2025-04-22,164.47023720188045,92.39717387182611,21.787904541113498,160.73970377761123,565.9234486764342,113.50546064357484,227.9642474901936
2025-04-23,164.0439349236939,90.44071871178247,21.716366200312955,165.16173923169717,546.9803955688512,116.25711949089946,230.24439910167501
2025-04-24,165.0981373325884,89.37042334020646,21.58022582672238,163.95566500199592,578.0773022648715,119.52163519682216,233.52373455579828
2025-04-25,169.3386290860362,92.72450616724595,22.64780891240102,159.74929217690897,556.9706486413984,120.56215537320006,225.50903098596385
2025-04-28,169.6740090373276,94.48947379380877,21.534771161227628,160.12508033704967,530.0690057166462,119.32242432417726,212.54465058761406
2025-04-29,171.70006911982964,94.57939220964256,21.354022378663437,162.08120669283917,529.5315651960815,119.65916771499582,214.97477471189055
2025-04-30,165.42389969783926,93.40578151426716,21.35549242022271,156.23524022988346,515.3258143359652,120.7099565739459,219.0952433604362
2025-05-01,165.33673267811565,92.31942422868178,20.99169872747845,152.82693605714422,515.0526216024822,119.27313193505744,224.81529141515625
2025-05-02,162.88509565441385,93.21279017196663,21.41040268334284,150.14792993430834,514.3472853162071,122.8213356607727,229.27587484808745
2025-05-05,159.36862876311775,94.78405338631411,21.796682080252925,149.43539471700922,512.1363218015565,124.44034829139181,242.02248709184155
2025-05-06,156.90530888905946,92.42267076073469,21.777051953349677,146.6595056000945,501.98687343089375,122.0499854607696,250.60154920255
2025-05-07,156.01656239710636,92.5632882643417,21.650640029627066,149.3178584571606,507.400173203565,127.15694996107962,274.24429847125606
2025-05-08,158.64329558463015,87.34407505070014,21.600561009061778,143.3931751889599,503.73872750492365,127.48279779023359,304.15685137099643
2025-05-09,154.91120112241492,87.90552153853368,21.554005182101925,137.79468012039305,517.283232697987,124.46779559189237,285.60827447866785
2025-05-12,155.0508329463873,89.8253938442311,21.52007472448333,136.70648517699723,515.2508609860215,122.24659425637343,263.8021249656119
2025-05-13,153.7538250072586,89.16590284918956,21.434296132010903,136.16768115869078,503.52811136609694,126.2992203363282,263.87897173160536
2025-05-14,152.90078099702905,93.7457093511154,21.55655489051123,131.27706953824256,483.33408964978736,131.4231377938318,268.681076894927
2025-05-15,155.71410045389726,91.47943715164465,21.916994832577263,129.34483896932247,481.5309507567855,134.39706876396284,268.1152411793248
2025-05-16,157.2768592908977,92.08213402078741,21.327083065253987,128.1062204472658,467.05569232221376,138.35436226647494,274.8651269964076
2025-05-19,161.11805812293284,92.03580815233266,20.837315010156377,126.90427040890017,452.1103377592039,142.11560032899044,272.41649853316045
2025-05-20,160.72636365310112,91.82335870379828,20.038883345819606,127.44323755122042,458.01443554691565,143.91651129555407,265.9498003080246
2025-05-21,158.76920402524837,91.57534191081629,20.423845179932997,125.39274313495687,438.65687612947676,145.01875624608664,261.04271264636867
2025-05-22,158.1850192955945,91.89575861458931,20.539385168781155,130.08191855842892,453.6995789398545,146.8020504818428,259.357448846696
2025-05-23,158.9308525252624,94.12357323002178,20.77077952726284,131.72812032642196,455.6201769238317,149.2407760203194,267.1570877804765
2025-05-26,159.49161150270757,97.80160382738329,20.120675703831445,129.1294093064658,455.3230108992956,146.86857058248725,262.7527562328638
2025-05-27,156.43431914630688,97.8443424586947,20.91380977641697,129.49262287343436,444.19747425659455,149.29529349271965,260.23981393831787
2025-05-28,156.74387389082386,100.12693844929794,20.636812222230112,129.9523712757955,452.52392708855103,154.14881938282053,265.57670522493487
2025-05-29,157.44265531344257,98.20956019515363,20.716274840496407,133.95724824413506,452.6733874123603,153.51369643099943,263.87492318333625
2025-05-30,164.63220059153818,100.36494112320827,21.108774965625066,132.00688955405082,445.40059217464375,152.52024002418185,274.33357126802224
2025-06-02,170.2516249151713,98.27376102986206,20.653594743533915,134.59864252236386,447.71480132878736,154.18332358928185,265.655654734991
2025-06-03,167.6964237800389,101.32402902024815,20.40845442096213,134.8000508020941,429.81209630865453,152.0444206582198,255.2359143241619
2025-06-04,166.88764061261966,107.64644016635977,20.4919613070255,139.88729187975494,413.11481996570063,147.7035509940003,258.09762352799765
2025-06-05,162.54990439535433,107.33229030007286,21.78325011058393,144.4647238966121,402.17369454271324,151.4950743962909,261.8916834174997
2025-06-06,160.87844822627497,100.79669644059835,21.930826061037198,145.24114704364848,405.7082601619228,150.05573064443763,254.10732441360844
2025-06-09,161.84868846129527,99.30026443859023,22.70914987863153,144.35414984166846,405.83881719228316,150.17965698041095,266.1966935804369
2025-06-10,165.41832038856393,102.77502931533658,23.31491211860704,146.24737584401078,416.21834882457716,148.22690831012022,284.27751525582994
2025-06-11,163.30534797118398,104.41800635399849,23.507172031936804,145.65342858968236,407.1948363911876,152.45265082707195,278.18689864429643
2025-06-12,161.439643826625,105.19796508556077,22.999127813847885,151.8375349092815,412.9737569805619,155.37819821338215,292.8210660910041
2025-06-13,155.25631133119543,108.22164010589768,23.53879267544066,152.20372938085407,412.010333287383,154.62053218148188,268.5682708012316
2025-06-16,154.85606264570563,109.74374460696203,22.766521902128265,150.72871302246745,402.8500726609314,150.67187291889692,278.8313197232882
2025-06-17,151.94887863869639,113.54047269451237,23.571756768860453,149.0646111830867,406.7365220454401,149.58515870919666,270.61368755722253
2025-06-18,150.55400165490295,116.52021329874434,23.67901101488742,144.61117331164675,406.2548302469841,151.5242848822845,280.0073770581112
2025-06-19,148.23042737262963,121.54312152262548,22.30196007003513,146.68836505290906,400.2833471049391,152.216748665542,270.74062825450955
2025-06-20,148.0308016055724,122.82495057217247,22.138238390675554,143.74722225117642,400.8469372880384,152.64602379145106,270.24055306471337
2025-06-23,143.39904941614122,125.99963940227626,22.46005868703656,147.75830252298877,399.7611514592238,153.42106454668573,262.72677232894534
2025-06-24,139.6625269979252,124.9790980091118,22.346309153668177,143.0487465378306,398.44653145814107,156.0466385572255,260.9045455650151
2025-06-25,145.0641774632148,122.9368267260551,22.70117139982212,143.56816171835465,394.660398643076,155.96847440750483,277.7582854666068
2025-06-26,141.75328976492537,128.87338387422923,22.28005260037708,147.7611551554343,382.4579865488901,157.57811521603853,276.8617309174545
2025-06-27,139.004390065915,129.7179853570862,21.643252777127927,139.8771848640372,383.29724087374916,154.22292691463574,297.4631664819899
2025-06-30,143.64914440538448,132.70625394255345,21.612480424850187,146.99786216156943,376.06628285832784,162.95267206196363,293.60999531036293
2025-07-01,151.2110090453544,133.23239713523407,21.630730968974728,145.50111082961504,367.00763854232036,162.00348822363964,309.1013767768944
2025-07-02,148.07516500056647,131.1110125221785,21.468187798844216,146.07982470042637,365.0343132445788,162.7971507927068,291.68374873300235
2025-07-03,147.14547785763853,131.21688741711282,22.05105779705346,148.2324906887571,371.611003980801,164.89434301210454,288.9192235586523
2025-07-04,148.10162916053397,136.55844249093144,21.641910072412223,150.99009327330418,373.415072909084,163.47338393969596,283.65689230703106
2025-07-07,152.7618776050642,138.74975786523706,21.79426140097958,152.09188284987437,368.80436278323305,163.57018396403168,299.0792313179831
2025-07-08,150.10176973811215,132.170071122017,21.83012035720678,155.95267667869032,363.89472647713035,163.6233207266569,301.182867153767
2025-07-09,149.49160585995818,131.43958765381785,21.085762350123844,158.04661705983753,369.5931426029544,160.40176766585677,279.337197074553
2025-07-10,151.63562588774278,138.06469836099464,20.477044560795925,165.07527071817884,348.4813693395416,162.01684782927086,266.6819544385284
2025-07-11,152.87536682150053,137.30723233140358,20.48548197051077,167.30513860350914,355.28956612646886,156.2064569860299,257.37657333869805
2025-07-14,151.8937832472022,130.45376105862604,21.381443203574054,175.59776636486615,339.45204391477967,162.29531996819088,265.9322236948951
2025-07-15,151.58106229675616,137.43373765434927,21.6571341608731,179.63247115133976,328.05671015346445,165.19478419964412,273.57119647561836
2025-07-16,147.8827686593186,140.12839961196175,20.838192022738923,171.60402182901794,324.1389322755606,167.58691896790174,270.8453385033279
2025-07-17,147.30053536009265,139.92376169575226,19.41534490466366,182.88313666433785,341.15070919075134,161.25445845247117,265.7946572141388
2025-07-18,146.64578818942076,138.5385589063927,19.731371949918582,180.3394877737619,355.02123677712757,158.51061212058292,272.60527011742084
2025-07-21,147.30995547153273,142.8063575301671,19.692566327309493,187.16328158437497,361.1828810357823,163.42215737967578,261.97821484591566
2025-07-22,145.8890198541733,140.7105978025449,20.18995823989564,187.37287377956739,364.41800226989506,178.41570083375188,266.31877842826344
2025-07-23,147.17834228291898,145.3049648433254,19.801790256745207,192.42767984543062,348.2762354142508,183.17997708364902,269.9375525818148
2025-07-24,149.91275173758544,147.58355999979773,19.957326882697195,189.20221231535075,349.7258293365415,187.43575261681397,267.4917467406441
2025-07-25,150.38463628850062,148.66846060946642,20.33184241055404,192.24715960831284,345.2558728426475,189.67925230303533,271.36201227421344
2025-07-28,151.38944858290836,149.34853177871477,20.13474146303334,191.1167917503427,338.6269379852949,186.22235963195567,272.48091989919055
2025-07-29,151.58728374757519,148.69153190164306,19.949020972702698,198.7471445279021,340.02048067285966,190.37769367540002,277.374590657882
2025-07-30,151.64056956943773,153.11925694376245,19.963100638291657,201.0161818846751,336.31199962044417,185.84545541865498,264.5755338228798
2025-07-31,149.7241292874779,149.4857983315491,20.204432158836294,205.81012957196066,343.4630652660667,180.97391198048413,270.4114270001583
2025-08-01,150.62949563229185,142.77180760300493,20.20109139438216,194.76802059722917,327.6421554833562,175.9794581744936,280.2763188514923
2025-08-04,150.41843979324867,145.2994858630632,20.63698891690252,194.43899567000713,328.363058044029,179.83092668544543,283.5788987208692
2025-08-05,156.13840624974853,147.94025653270077,20.430359534852975,196.522174407844,321.56649000410056,179.67930957520093,289.7020916272852
2025-08-06,160.61495497681477,150.00354264137135,19.836353072439508,197.709241577416,318.5337128636781,180.153461387852,288.7468928119454
2025-08-07,161.78667929105941,151.79104400927872,20.70208011658337,202.5489523301463,320.9899371752177,180.16807424490392,297.9136364169612
2025-08-08,159.62115977163018,150.50459508838375,20.42980755538886,200.78726132105126,312.5108632150978,175.78174484587382,298.75781923766897
2025-08-11,156.4808678101276,153.8984008216821,20.177382454233936,201.1225113188379,313.86765142336463,173.26172370110962,286.91866084268355
2025-08-12,159.89067560759588,153.7790329822382,20.15119880852936,207.1522987813356,312.39369223329834,170.9695791187182,295.31320233276944
2025-08-13,160.70283806429322,151.7585026333579,20.18400464608057,195.44462568400078,307.5659336337094,165.7556956485953,278.58515094394653
2025-08-14,162.14797139446756,150.50908144577207,20.01532610917345,198.4122104702932,304.21539042310803,163.9866477485775,281.4956110980921
2025-08-15,157.1128637676562,159.0998254863721,20.010651615168488,196.84532530580807,303.2086670452438,160.15448607921903,277.8649370751822
2025-08-18,159.79067855448162,151.45041242657447,19.996148513378643,192.44426675194214,297.74239806047086,162.25713251952934,273.6596176270521
2025-08-19,161.15362370743583,153.6455448393896,20.076053626630223,194.15001683374035,297.91219084600937,164.6847204445756,275.4574535606806
2025-08-20,157.98892875968565,146.49870818987242,19.03782605235799,200.19512658976544,296.04242275908337,160.06695088726377,268.7706999992204
2025-08-21,156.70330229892411,146.12798830504033,19.828453237359817,205.48600266895454,291.8176662098601,159.0895982817677,273.7368327978532
2025-08-22,157.50200487705146,144.4268291609709,19.767176517724174,204.88437545441835,303.0690504844906,165.65257197296881,274.4315446173556
2025-08-25,157.705875845509,136.0672898587409,20.022641529995255,209.46221443387316,306.2105909619805,162.14789633028388,268.65330932698015
2025-08-26,156.9316848724835,137.61751164000816,19.418593884846846,214.10215803755406,303.5205022642888,163.7379237890517,281.3837915959444
2025-08-27,156.69428037329058,136.2219234073015,19.22029109248674,213.7308445695942,304.7044296145801,164.18680844957552,283.55534043818676
2025-08-28,156.03842192034867,128.28321245185518,18.938887789701546,210.12370615637056,297.31727192820983,168.20339675167963,289.97163994533446
2025-08-29,156.5215364134089,131.3630238272657,19.554097158943474,206.88131860173903,294.3195650149865,169.36740975787907,304.5080938429895
2025-09-01,160.7220822709456,136.70689436021945,19.305019037445117,211.30782033532788,292.1763714973743,167.83150131538025,319.5983726887146
2025-09-02,153.35299859585444,142.4791353966856,19.629879259055997,211.1802600709861,283.5504327515134,168.14850324623026,326.25959885832924
2025-09-03,152.75288157630894,143.98240145703855,19.351934891965755,205.75196535690935,286.2998787150989,168.52013477186478,322.98296162385884
2025-09-04,153.2916751428364,144.24007637693836,19.16213853267637,197.17795774724956,282.94023413614815,168.25095856999187,306.9986535287254
2025-09-05,154.16204869034064,149.67625196340612,19.061496995245736,201.36715850109314,280.63959049903866,163.43890510257495,309.38838462421285
2025-09-08,153.1839733590849,156.8018504331048,19.60274044039821,198.7051932918922,276.92131893428507,167.9772683440863,321.4113568014571
2025-09-09,148.39375854068314,161.857130124032,18.790662446261866,200.43585470009592,296.69853392282494,171.98882401790712,325.57396128695996
2025-09-10,149.32180104320108,157.67101061147227,18.24959287090857,206.73809367211126,292.0988866897137,168.11010478275213,286.50168637325936
2025-09-11,154.0168224837706,158.63874101843686,17.470504727515568,200.06601203662734,277.7135286007723,167.06850064094095,295.3838619120213
2025-09-12,149.81840009675776,160.67034044700083,17.055142662886233,199.93028034921923,267.16086793598464,166.31136545472518,305.1765666557634
2025-09-15,152.20034849427003,152.6096259319355,16.753177931803346,199.16707576268865,272.1362750280882,162.14968736874295,302.12700534655704
2025-09-16,151.3535888541707,154.6915414762745,16.1606416907117,201.14750789879525,280.97386371248126,155.55838075106448,312.7445515595255
2025-09-17,151.23949273341373,164.61404030807685,15.902051215981476,207.46937291660336,276.4886406708859,153.32875651532893,319.7903077300605
2025-09-18,148.42610949601504,167.64593670639928,15.199598480713455,200.66722077664457,285.08599746261,152.19092658476828,312.2935474173899
2025-09-19,147.58450212206384,174.64608772817792,14.861471983583982,203.61601529526956,290.2740380571169,147.42930877248435,326.3609786081453
2025-09-22,151.08975251421882,175.62788034817737,15.256181515500858,208.95851152081624,289.07011976626956,148.0652466895677,312.06255183179445
2025-09-23,152.72723218123343,175.35563727512158,15.393928625597566,208.07891600434985,287.3788540915626,151.91536341230844,311.60894910099057
2025-09-24,157.54296753435128,177.31534154606692,15.459726722122085,207.45755598432035,288.74128431495785,154.79363623330312,310.06801762386937
2025-09-25,160.9369809069842,173.35355895640714,15.120986667387058,209.7211739693331,294.9373661331225,154.42722663647845,301.28058603035254
2025-09-26,162.2652839706428,168.7621676911385,14.612258171302006,211.62343455711238,297.8675893857102,148.2394732400775,304.649742159389
2025-09-29,167.41571738009938,174.830269231686,14.24824587121919,214.79965157502107,293.14835424547215,150.63583125431006,318.78942367617816
2025-09-30,168.79721126389472,181.63563984218098,14.236838494871193,217.91038295590047,292.0399693679609,151.18424023711242,332.8865997871565
2025-10-01,171.37200800148784,176.68589122816869,14.510896057800675,212.65889359901078,306.04338020275253,152.65915201891184,341.5011216111972
2025-10-02,170.5171569274895,181.56312265551404,14.801144207721272,218.01931454538283,308.0109732271079,159.2256727205035,321.4183668887981
2025-10-03,170.78108759227732,181.21181992476363,15.008707638710758,224.4769548680235,314.5604601152432,156.40326139829241,306.566160752963
2025-10-06,168.69693858992687,183.02659108059066,14.767423887382723,225.62225253092984,318.76211957925165,146.57707783515832,308.51773615918216
2025-10-07,171.760898562824,185.47660734050228,14.777614832158257,217.29591539719928,320.980890680206,143.24156974760575,308.31774680603536
2025-10-08,168.17805807377223,190.7333506815564,14.675360599345286,216.7703542285483,321.9466495103052,144.8334120949286,303.112481811745
2025-10-09,170.6052552978788,191.2704767114013,14.612606192215175,217.92143665816414,329.00931389311734,144.98003707293432,323.49264718293233
2025-10-10,170.07949783514044,198.91833794804467,15.269688533015888,211.78367809921582,334.815477349255,141.16358332350381,324.8691424802013
2025-10-13,173.72471777434293,200.7411379761139,14.680064700384644,209.9721966611637,337.0699384396297,136.81379937995092,331.2152811821003
2025-10-14,176.13352248231516,204.3498934576471,14.606475151578483,202.6684744943446,331.59245061232997,135.8039222272265,342.84964382122496
2025-10-15,181.967351992108,199.6843089938953,14.998052489515306,205.836650028124,334.79344893306245,132.13801991456137,343.6976980966576
2025-10-16,184.42462900339353,211.85356046976136,14.516620810486899,206.7832686724817,334.38895467689076,133.70701820069453,375.05570542639936
2025-10-17,179.27056468685424,214.74644156779155,14.31320748366149,198.36831058472353,332.0488533315378,132.55294057365109,362.91776616051243
2025-10-20,179.11726018845997,219.14099726689145,14.148765233568373,200.20056359503442,353.5293006525398,130.77983377629312,355.4189757680804
2025-10-21,175.40127031886837,209.38282337666277,14.081383523512375,200.00782577075975,340.61231879322503,128.65308154400253,343.8860209155607
2025-10-22,173.82633579430924,204.66424396143125,13.58908346430767,202.68000173962344,348.58411462114293,129.45184992942578,362.8833301330218
2025-10-23,178.61561843172126,211.8603908982141,13.769088449926912,200.78731288153952,341.50642697150084,129.6275682488716,373.2701417227141
2025-10-24,180.72785682445559,213.66818529873072,13.972985520766068,196.85449479220875,342.71832800950006,130.25795488275043,366.3663921453911
2025-10-27,178.51742000266833,202.32543178731336,14.131358931817175,193.1494735772492,363.98266381803165,130.82885566901606,355.49055918475733
2025-10-28,175.32250934003014,208.30862333286498,13.86288825414029,190.63770848982702,355.7214017560722,130.67600808077518,372.9171214387197
2025-10-29,175.4873261164199,205.241087518261,13.891352054738565,190.81321479050519,349.6837624255416,127.76077363377487,377.843009813748
2025-10-30,171.70591070241628,213.45419458642144,13.61855805510562,191.60489149824028,349.67665346248054,125.76152669786681,396.70290343165425
2025-10-31,169.69171022545197,213.03595265081012,13.520952126273563,190.777542162065,342.7064763518368,124.72237832944853,396.0859402552316
2025-11-03,170.70411989904414,214.363547375506,14.163552877564847,188.8443954783702,350.1148830286306,130.4414350881455,403.3952057429676
2025-11-04,174.3137637789914,221.54702594771578,14.19549591439239,187.27036201344495,345.76340791825817,126.62544929353051,407.85593699261716
2025-11-05,176.28485265872152,216.0903663026384,13.826759608311066,199.0951968866503,351.3288957291718,125.51146404676327,399.17109480055336
2025-11-06,169.07599895556166,210.1911618349469,13.883689597145654,195.34859783067355,340.2618460900906,125.83551899846775,397.3768025438623
2025-11-07,170.06147551286938,209.13979493996248,13.472878019789945,192.71152846224075,325.64285108860514,125.048629158827,381.1238461182866
2025-11-10,170.34149947280602,214.08821782882796,13.11950829471098,208.66734014393018,323.98349251537496,128.0557147992064,387.92452049047927
2025-11-11,171.67016745051853,206.21735804123577,12.820977701361482,210.95753359673634,311.91699037465725,127.24038989332044,398.47362589826946
2025-11-12,176.72444176944202,196.68909144756242,12.697578253276376,203.77453154459923,323.40753004718795,126.63728179744658,412.50214571955473
2025-11-13,170.2230519353594,201.32390977419067,12.961222107146895,208.15918483952169,311.66289381956153,128.9600409498609,422.3523138525012
2025-11-14,168.47148028071823,198.02554109001684,13.1280947357021,203.5170326389901,304.02575651410973,134.15141207142344,420.68936295172125
2025-11-17,170.32236083116464,195.94977234429453,13.281114458654784,208.23385281754813,307.1653931828921,138.36174934026826,443.77215607124697
2025-11-18,165.53311760159337,185.86018311515926,12.962017881208801,207.2293208455028,302.96560222170757,138.00389252488256,457.87558890890074
2025-11-19,169.98878624497115,182.41964705520462,12.809598604091722,205.04410915987424,292.046324645865,137.91152477274682,480.3797714287488
2025-11-20,171.17537920312617,182.47220501847497,12.888172993861266,213.38512394710943,306.46148002432267,138.1111963034086,505.0448874410214
2025-11-21,173.84374861231998,187.31694789804698,12.711952493132248,216.50268782391072,299.2169723501242,138.6158528173466,503.10249089691547
2025-11-24,172.11800416975723,183.36560090774867,12.636010504780838,221.8664847442322,297.9272911320437,136.09004208245304,510.2092064994844
2025-11-25,174.69938635050707,191.96664521826688,12.760600194010621,224.37867717339654,296.5506821883299,138.95134386913648,524.3214816309622
2025-11-26,178.12043498868633,188.38309468495498,12.664602211684858,221.9865507199832,301.7247263871325,139.6412929845212,503.5216680833157
2025-11-27,178.9294231573628,184.87416370127443,12.729486907003123,225.47925614332058,305.1934923502568,139.56213925107505,483.93766559331533
2025-11-28,179.7469903527946,192.92469615119953,13.177437882640046,232.39704649007373,299.25954663878224,135.71787245242314,462.1963267399543
2025-12-01,180.68458270463415,194.1634432972762,13.129592008061245,233.28444324507754,297.03908472844597,135.96084769624161,460.7018134854658
2025-12-02,177.9399450885705,191.2594003981611,13.472214381050915,243.89680104157748,295.54018439521064,130.35509076074723,455.5806074053279
2025-12-03,177.52970165465425,190.52425134811847,13.640026189440437,249.1923323067398,300.9707435458203,128.74177893215722,432.9389473488551
2025-12-04,177.10444601595955,197.83772672443595,13.201781370585916,250.62507950592578,292.6519946732578,127.20097806952424,435.4402685556185
2025-12-05,178.3886462152055,206.05861210484585,12.883657851574695,252.3135815874787,306.9435533888648,128.05753600407738,434.2224892662316
2025-12-08,181.66151353085118,201.4490378817785,12.649315589085447,253.2927924876082,301.473696091326,133.40735733873646,452.4287460699758
2025-12-09,178.26378025856113,201.31041139472475,12.413325300325056,245.48353009242368,301.5309804582718,135.14191502882656,484.5531179026091
2025-12-10,177.92505010004956,201.9192528263206,12.390529787346537,245.04121666620844,293.2570467767285,139.504950889348,492.5607273639953
2025-12-11,182.73190881327255,196.44426819849366,12.559935205314847,246.50648035066123,284.2376869234314,141.54376940420605,480.82198649326153
2025-12-12,180.3500736457612,196.23619806890508,12.908642780092414,244.0532162975768,278.3862897971681,145.1065926450141,491.97001407987
2025-12-15,177.74392485041352,196.3635632290805,12.998097763459088,246.22331930702717,272.0133157276255,151.09612870438042,492.40078416370744
2025-12-16,178.45339176214824,202.73082170181956,12.872601776427004,246.4652798257488,269.4177188130251,148.726879409945,488.53327938091434
2025-12-17,181.22815167079,209.6860906203909,12.284847695396078,251.34339391263464,263.19547330421614,146.18122588814862,474.0697439408852
2025-12-18,181.3288545366174,207.85807597705417,12.305768430573849,255.62322134995904,267.694341463068,148.39350914404253,466.6279386706355
2025-12-19,185.72993986429364,206.71679212774248,12.31459098063091,256.80645834535835,262.77101060205064,148.44382552633954,463.98090517823374
2025-12-22,188.6593266506932,210.665120987857,12.365997410403438,248.1442937411292,257.2392677941443,149.22579558310827,477.2940826921434
2025-12-23,191.58406714067027,207.3186472773216,12.94085907549091,259.3648994052182,254.91607495234786,148.47210509143537,486.09342643477885
2025-12-24,193.56199963805122,210.83931684071712,13.29599667597639,258.5615749956778,261.0922155427452,146.58685206386664,517.4197975079975
2025-12-25,201.7395597321251,210.42578047433932,13.527630757386584,258.1550744828451,262.54311233860915,151.87523993783893,529.9164338333821
2025-12-26,201.06516245988814,204.81937269985832,13.243338170134027,256.06065688616445,262.01998239688305,148.26411078629945,538.0773177381096
2025-12-29,193.8844416341146,199.43437891757853,13.095861886111004,253.04930894468825,253.1131176202145,150.56526314810472,532.6061137846451
2025-12-30,199.55102048887971,207.6147071714442,13.070500684188403,262.9312516841388,246.27273484789225,152.364973094022,513.5594777037384
2025-12-31,197.97684435260777,206.80920333657542,12.849492153703189,272.1604299486167,238.81514364926448,147.13606737353484,503.5983391744044
2026-01-01,198.4305771870222,216.4113369920157,12.99289530724031,275.3065596366942,246.4009704117529,144.50863400848772,491.5400026719573
2026-01-02,203.1774160575833,213.40715478306268,13.096864386402316,274.6905601466123,249.63708124162147,142.46250846464125,447.75276462891765
2026-01-05,197.38875499189612,215.2539260165362,12.78525368538163,279.06581755118503,244.57471777845996,144.29184823668845,432.1924102295573
2026-01-06,193.01074152107654,229.7824786124501,13.123806788729784,279.7062525453401,241.35980281331157,143.18732698929355,456.66631750121655
2026-01-07,187.5151461241652,223.09423933461733,13.15531478292285,278.5019568681757,236.67574175362714,142.97784740285414,462.80893954171734
2026-01-08,184.9003499409095,211.3508249511909,12.656865625356087,280.9813617679721,231.73852739886436,138.45284990853236,456.96443324131053
2026-01-09,186.42826638477763,219.0703131610718,12.644467682704224,278.0088757684872,234.3912904050451,145.59564043342135,463.5889523924742
2026-01-12,188.25253803233238,214.10822708765153,12.724589883626496,279.887272373387,232.8675432613393,145.88483757994484,432.14873979743413
2026-01-13,189.2545940987689,214.0911459197653,12.998823016615317,281.4421925918002,244.59196435214685,147.54763583852548,436.6532076477366
2026-01-14,184.50812939627602,210.68587426218173,12.90426332726422,285.8111324738517,252.0296723129025,145.85470956591703,456.41710521764094
2026-01-15,176.90051569307474,212.37316427791697,13.141245502044178,281.515841609152,260.05115380842,143.82181562056098,454.7333559766926
2026-01-16,177.13550406470318,206.8270361617945,13.197320822291013,286.64038956380847,264.34526601280555,149.93410793839166,426.78106328155013
2026-01-19,175.69327235169075,205.88838837809467,12.817486073779724,280.2747407539749,261.76953393298794,143.67467748884465,420.83262351149835
2026-01-20,177.2075628080984,208.58446164655348,12.420353327644658,276.38896514112633,265.6298443361459,144.61578046257006,439.9065128071851
2026-01-21,179.50863229860684,202.79986202330207,12.72895336545498,272.85861393207733,263.5122472895522,140.82206231395213,444.130511855832
2026-01-22,180.0181398670367,198.9259075050404,13.065782498773558,265.66843629151407,273.9279971283824,139.6264794284862,422.3277660443691
2026-01-23,182.54422560944369,197.09047398688566,13.16056172511729,272.5337223535287,276.6954109275337,137.72503510043558,457.55709028801016
2026-01-26,183.36125791860383,189.3040537110789,13.595591303164834,266.05387556629,278.5483428655388,134.7954157719202,437.72963251116784
2026-01-27,185.17491432042743,187.15891554238414,13.913665826698615,261.5248648037038,279.50926331172315,134.95713226575612,434.2486487347371
2026-01-28,182.89094494107474,187.8750422843509,14.125012073785872,269.85055928682914,291.295161106914,127.38918957681109,418.72056407655685
2026-01-29,182.36366935024301,185.86715212521648,13.843940538407395,266.1226905081433,281.3882103437869,126.55851695171964,403.76802320438145
2026-01-30,183.07342323299767,184.54776637622055,14.373352656355333,264.9907197796626,293.9153061541117,126.36027829056957,397.60034994049244
2026-02-02,185.841404154516,184.53720160984562,14.54509455078902,258.4055082687943,292.71974939714204,122.63466122854202,406.6717035488922
2026-02-03,184.5893272242162,181.24121643177665,14.423810962893736,263.9027702517364,282.9582554773216,126.76877522218993,425.2641647317246
2026-02-04,186.38556792466852,184.83880960190152,14.213916529506864,269.607927511214,277.9631838974617,125.16412538572341,419.7502380429394
2026-02-05,185.55892961770616,192.3631146483789,14.296346488190814,274.70989292243456,267.06164174507586,124.56275515336336,405.14082076742983
2026-02-06,185.231277265494,189.95806576422126,13.772910067224071,278.525131412894,271.35806584850616,122.99216559486737,412.15071961496096
2026-02-09,188.06185990259993,192.63372968888766,13.986979819887406,279.16287814246124,264.70462907188147,122.82311844101676,419.7049169215341
2026-02-10,181.38094602855085,191.4376128559652,13.695651200537291,275.6288389482964,265.88204161196944,126.4094515633234,423.46680417385863
2026-02-11,177.21163256707217,193.49243635856376,13.809371374809434,270.1371458314518,273.2260249792917,133.34002010557074,427.78654392358317
2026-02-12,172.54576774560815,202.0722444729439,13.65297130350055,278.9699924818663,268.9286150506214,135.58334093509993,426.3364221362319
2026-02-13,165.35835823390957,205.05128791002736,13.575597025063416,284.4294650268248,267.3057683801215,138.8855901948298,428.0354921140406
2026-02-16,163.3974131623864,194.97186736890617,13.351572289444265,279.6275545250005,259.0511527720032,144.18843710612617,425.5495520765322
2026-02-17,165.65880234692406,197.5478118317257,13.306216364364559,280.0318384230528,256.7402686708478,145.03845154490796,441.72406518304217
2026-02-18,164.86729896934165,204.46597271140783,13.861303143560875,278.0568082196657,272.70349718914315,150.10979630996232,476.4197600600579
2026-02-19,165.5119666222891,203.29955715722556,14.285754429005834,270.3392670876696,277.90406085439486,152.78968022114847,479.67745182815395
2026-02-20,168.81490934988707,209.0687461606783,14.399305276799131,271.661573331682,276.24955067612336,153.33784710371359,479.83093485607054
2026-02-23,172.90839242130923,205.13339598870886,14.393452335854963,268.9619862678065,272.304565412814,154.58410087894444,484.3917988104829
2026-02-24,172.75372883397782,196.70341929202675,14.662932684907762,262.6781153176319,272.13486480034794,148.4546599219404,473.50399693690616
2026-02-25,177.02325881403277,197.57928700534222,15.029643080954727,253.082926678852,273.09311099903766,149.4710731193636,486.442135205316
2026-02-26,177.37877105801144,187.9608609413018,14.757516297071792,243.30251483129038,270.4556670422399,144.4574478029315,494.22091618492635
2026-02-27,174.76719360696555,186.79294952342954,14.734588206791955,241.15277818941058,274.0044296297965,139.35291079104806,487.2195566881717
2026-03-02,172.95849185893823,193.61679172889805,14.146190701684423,240.748274726398,267.8440593449453,140.00275956197527,502.87018829304463
2026-03-03,168.40974280869276,183.36025945510582,14.497840196132401,235.58843245219495,261.79043428162845,136.63013101165868,503.4809954900279
2026-03-04,165.7764191287102,176.8828913796524,15.158659489326068,239.52711428921356,264.2210775626273,136.66613270568715,486.6637321668198
2026-03-05,164.76612783373386,171.85996509474825,15.187640083478271,239.24239714052095,256.9160511917772,137.13975731005888,492.9203568274709
2026-03-06,167.2070606349834,171.64119490866318,14.479892672573758,242.8004418338036,261.51392722480085,137.74963032042794,497.2801080506622
2026-03-09,172.44463068518084,169.96939765569633,14.676031381721078,241.79943151578516,261.5289028989444,135.06755259429613,514.2695014915998
2026-03-10,168.21469024865723,176.71307265950568,14.386327084994221,237.15012634173908,250.1602882384245,137.79470322553536,529.5197229592849
2026-03-11,169.46299370634537,181.5235123132307,14.17853546918944,237.93341880892623,250.9177683412122,137.5820618565158,527.7866464352085
2026-03-12,166.34829931591528,184.13157724166192,14.376108831979604,230.52967726020495,240.87013791967837,138.97489655577522,519.3562877559029
2026-03-13,167.8278921810851,184.9744669355642,14.45877420016841,233.74233031657423,244.9747308443028,135.3752144374913,519.6736306786564
2026-03-16,167.4906320103445,187.10360328369885,14.305679015808122,228.37122838059895,243.61043131587365,134.9009671402449,526.5675227349618
2026-03-17,162.0293814009409,182.68131495524983,14.103377774989564,233.7164426839568,254.53051767364556,138.21419946112127,535.7726619233838
2026-03-18,164.79349665583476,187.1573524209948,14.14453697699468,231.8440482577245,261.1766933895611,141.2222805686365,541.7194316255669
2026-03-19,163.05657108668987,181.42336786142158,14.01924124327826,238.10692987521062,254.63248819137976,138.80449312528341,540.2965145178845
2026-03-20,161.54663392748216,185.75767296004767,13.679229544081124,231.5314689726174,242.3852367182375,137.1968205939081,559.4438642544421
2026-03-23,158.49250702812296,192.01993378432059,13.581198850370983,227.71253277278322,238.08958128795803,134.27026038813835,546.5483663740848
2026-03-24,156.68139746266468,193.24966954526428,13.684701678978591,229.98359495174478,231.20636233506042,132.3876457614468,594.2779546981025
2026-03-25,157.9430004515385,192.39280714844594,13.633133942379231,236.81696580514438,241.4297791594366,128.36842489720792,610.4764642414832
2026-03-26,157.4602637592291,194.64547246771315,13.211226767400898,246.79056506103083,241.46658468920967,128.03211641546756,586.721610712427
2026-03-27,158.44689655175148,179.147310540495,13.500677105429332,247.15684028803852,246.97251814062443,129.8692549846335,590.8480393972559
2026-03-30,159.53457006743164,180.7530491098173,12.689234412012912,258.6233459501282,245.38183189458775,127.68080699972826,607.1518547785595
2026-03-31,163.38284857650135,180.2697313736989,12.56652909129349,256.866876078831,244.42189332959668,127.4799219063008,600.061584784036
2026-04-01,162.4319357734488,180.104318181845,12.39695174838359,264.03839134039004,244.32826788016047,126.91506283822464,568.9903709222417
2026-04-02,158.17078721802628,183.75735792318147,12.439224551926081,257.93790974677773,250.9146112285842,129.9143972873134,548.6107074122691
2026-04-03,161.26460836933904,183.46453509666108,12.594796457297848,260.7636228165349,252.89156597913868,128.22096046715973,559.3213730801673
2026-04-06,160.35881939772634,177.69901677986257,12.90889589190291,245.61525742535247,246.575343130981,126.65220851097412,525.2801925220506
2026-04-07,163.6321700979125,177.08430705213246,12.708512298740974,238.83878766486527,256.2757007962381,124.3480926629549,498.9231767773854
2026-04-08,164.81863227937336,177.5078136560672,12.874419530246776,241.7327781364377,254.57721514359534,121.28848179930365,508.57195993167954
2026-04-09,164.48726845003617,178.16781424896644,12.93181375087741,233.91007063968337,251.89588495977156,122.75147193413815,504.89029431088517
2026-04-10,165.57748448802576,179.06466510919608,12.446820737542467,236.51202551195328,234.89086550315423,122.43815647162778,492.8727371738403
2026-04-13,171.45022414198115,184.36539700044045,12.969112805658272,241.97816207831096,238.5611739063811,122.63721849759702,484.60941761262967
2026-04-14,177.92000971083718,178.85121833620326,12.560546160181744,239.05433878007833,239.23494302947452,126.12773194089003,459.9289949082482
2026-04-15,178.2044789744943,179.82052268349605,12.678350768869933,233.3711030293369,239.90437401703042,129.8769766442213,467.98045213266266
2026-04-16,178.78069080407167,186.40519625849169,12.789021598568919,230.7095836861059,237.6809901531623,125.22775040992116,455.0272097673744
2026-04-17,182.3066613046657,177.44486215409415,12.868492696585172,225.24284904681724,234.494822250107,127.06513739757803,446.7451109740174
2026-04-20,179.59541512549546,178.42615123937998,12.730404872577736,224.77426757464656,232.5086674630858,127.74928562289934,452.41318053656033
2026-04-21,180.7349959338442,175.5908529874906,12.964002179289123,225.44909963094153,235.1862049372753,126.50564607426219,448.5984490023719
2026-04-22,180.71411539146504,173.85603454059765,12.520917418296833,223.82580905752224,238.88775982439446,127.47076284939362,437.7814547868009
2026-04-23,181.79846293731012,169.53838771098765,12.50466234572146,233.29565096129195,237.65874008203272,122.68290603458243,407.5393609144796
2026-04-24,179.1349993756711,168.81828696554044,12.351414671490305,229.20478944377672,243.1663625216477,126.6821395433398,413.00442486727763
2026-04-27,174.07224753086578,177.60614943243374,12.169224453441455,237.2810103209339,242.80273632270885,128.17049888111822,414.373432881403
2026-04-28,167.6378928731509,171.40697549227386,12.285835454417121,231.21112932612994,239.96159612011903,125.78468830575585,407.0976316755363
2026-04-29,164.32487960748927,165.8792582151686,12.578908259528705,231.7358489377216,241.2002715917638,124.21753374462769,392.54024021013225
2026-04-30,163.02570161777334,159.91520750346078,12.485803875538222,238.694328475561,233.42752674026752,119.61537070323656,392.93147986751944
2026-05-01,162.22240085914638,167.7298978122519,12.702120227638957,245.55295431645322,234.8246463745367,118.83941867680102,399.75532897787457
2026-05-04,167.93589992283955,165.6424133974323,12.717925407752066,243.08356393701777,226.2271594112777,117.62724430650185,401.3429815905631
2026-05-05,171.3379253417259,165.60632096080056,12.47005166034712,246.56615968550108,220.73765625566188,114.2475279178462,424.5736337316636
2026-05-06,168.4307250900493,163.82142889265447,12.401155297666737,249.2733271873332,210.1315222824344,116.24771070242315,435.28015273385154
2026-05-07,169.54384200562336,159.57127185537135,12.321308108055714,246.0206892964023,209.3324326871316,119.56187924825011,433.88511982978747
2026-05-08,168.36086540294662,158.60040543407845,12.134313552844688,249.91980930931678,217.50293058755582,119.54012726218323,445.3352424751799
2026-05-11,167.55802835232643,169.59630174751084,12.250519316461336,261.66911543549156,216.978783354464,118.78651863563297,446.33866282267525
2026-05-12,168.17562406979454,176.29162213747418,12.315596722769051,264.8726039318694,220.41703981054465,119.97315571750147,447.29014366402976
2026-05-13,170.1088163402789,172.169525787075,11.886468457633699,268.74210382558556,232.94896820928818,119.97170918018077,467.83092946294823
2026-05-14,169.12955896171366,175.37740128457992,11.456373571616098,273.3789463457695,235.301133226616,117.16581771340492,453.3833626596828
2026-05-15,172.42747163692812,171.38184150180524,11.565129590063458,263.516960732761,231.07392740990142,115.53265325679978,454.00261074076053
2026-05-18,168.94359387221374,162.94329202292514,11.359428709057333,266.6674685435294,227.68600317878585,114.82772012679773,473.1569128296241
2026-05-19,169.0220011216597,167.67619269390906,11.436614952672087,260.0090513558844,227.7806743352467,115.50291918706644,478.53418478266406
2026-05-20,176.98431102959927,173.2065894377616,11.634817147705771,256.2916568325431,224.411918547044,115.57515561287289,472.6162221519676
2026-05-21,177.7569246004171,178.3663207302561,11.311241685213353,270.2591791050252,221.4958903301997,116.1585936024506,444.65360367969214
2026-05-22,182.4048879777936,176.10887608983683,10.961681112713872,268.6696388674923,226.82200129031756,112.31069898323734,409.5650349309799
2026-05-25,182.7692167898389,175.3745512898056,11.367126260124508,263.8189824724877,232.49884580062684,114.00151301272338,439.5518884529512
2026-05-26,184.7438531628876,179.14395289672018,11.456751017608235,271.5395300941323,223.40223090933003,114.05796079898414,444.5398853690302
2026-05-27,184.61968728120854,181.1972810080389,11.352800542221665,265.22842868185387,219.1048503082317,120.51131450556807,435.6968490856043
2026-05-28,184.11801347354904,179.29075054248958,11.121240989404482,262.3810745603705,216.75251756666648,119.53421405271547,441.26548664458096
2026-05-29,181.59915327065647,171.25242706704776,10.998020990339144,270.69233729437696,219.95571546955745,120.4350342764322,426.8720265185736
2026-06-01,183.06927549818346,171.8840925752087,10.711604023539685,271.1035701514994,226.0779219694784,127.98183333990293,422.1584865167899
2026-06-02,180.32732441149585,177.16304321765637,10.921391514908736,260.64170340627174,240.8288802376775,128.5820701666601,408.48776465707925
2026-06-03,182.55085666201936,171.3109099366659,10.736399247555756,264.30365166561376,238.23366990576437,128.44476099170495,388.50675906837284
2026-06-04,186.1809107647947,174.46050601698806,10.996303433905119,261.8029037992203,235.95198951845694,125.70987895976944,360.09740701402825
2026-06-05,187.47441480558234,176.1672823631617,10.901033261764054,271.99915487075907,239.37935270211938,129.98927706981536,340.1595306395421
2026-06-08,186.5740732021448,179.95561026962966,10.652449325537159,267.99949605419664,235.55569812513673,126.72911546695816,352.5056452064045
2026-06-09,188.16394185781905,184.4392608041433,10.554141759534303,275.16329660736176,234.85301553176876,127.97317212722544,340.52367212450633
2026-06-10,187.1843387376849,180.94505407004866,9.946416661049206,287.502293199959,232.60760590417942,126.69366857331654,347.08598005772905
2026-06-11,190.40200911692955,172.84326402650993,9.92148190271881,281.51546602617924,218.0650495317387,126.21915038871799,358.8982387373541
2026-06-12,184.191988657137,170.34765848377788,9.885837766529953,280.2823366463643,218.79722420203828,122.31815696647035,359.30389746235187
2026-06-15,183.1437644594153,174.67373349879102,10.066692648007834,283.13158369578116,217.92714137096058,125.98388521174397,355.74684189950614
2026-06-16,176.64497832085266,172.11020269434601,9.650447908995549,277.1904513910564,224.66317019881674,125.26684279771223,357.59878959827967
2026-06-17,171.95309428027582,168.8516035555549,9.89857115362191,279.18826655134905,224.78263928360346,121.97082507540232,352.58106607487315
2026-06-18,176.2346438138669,160.32496743296053,10.078756670518171,277.74402364177143,218.10346154387918,125.38347034700793,367.6316320487812
2026-06-19,179.13605285521723,168.27293845561246,10.357887417245708,276.1673571174487,216.83968874567893,124.04550209529111,391.97939182253776
2026-06-22,176.87882318995278,172.24754222627487,10.347427294661367,276.62951209254595,206.04411055284498,125.01074485533574,412.0853530714476
2026-06-23,172.15703200148894,176.046821332633,10.57978633180921,277.2468434604854,200.13846847771524,127.37734331878515,381.2800306816345
